,BOSS,"SNP variance",GainRatio
BOSS,1,0.56614196148679,0.5352776533811
"SNP variance",0.56614196148679,1,0.82777877295119
GainRatio,0.5352776533811,0.82777877295119,1
